Open,High,Low,Close
11026.6,11097.3,10765.4,10861.5
10850.7,10982.8,10782.7,10897.5
10910.9,10961.9,10728.1,10758.1
10765.0,11086.8,10673.5,11026.8
11071.1,11306.9,11043.4,11103.7
11105.6,11211.1,11016.6,11202.8
11207.0,11401.0,11162.2,11395.3
11398.8,11502.2,11220.5,11449.6
11453.4,11549.7,11318.4,11531.7
11547.8,11568.7,11441.4,11498.8
11505.1,11620.3,11465.5,11554.3
11543.1,11690.8,11401.5,11416.1
11404.8,11421.2,11247.2,11329.2
11343.2,11623.3,11302.0,11615.3
11619.2,11922.1,11591.6,11874.1
11875.4,11946.5,11774.5,11910.7
11913.3,11913.5,11547.4,11814.1
11815.5,12055.8,11807.6,12001.9
11990.4,12250.8,11958.9,12164.4
12149.9,12196.0,11907.3,11935.5
11935.5,12102.1,11815.9,12064.2
12061.8,12471.5,12007.3,12453.5
12475.9,12894.7,12449.0,12620.1
12685.9,12831.1,12499.4,12566.7
12534.9,12557.7,12407.0,12465.0
12472.3,12774.7,12416.6,12696.5
12708.6,12765.0,12470.2,12515.0
12506.4,12682.1,12326.3,12407.7
12393.6,12406.5,12201.5,12298.7
12315.6,12524.4,12222.3,12502.8
12502.2,12639.2,12348.0,12577.7
12571.4,12710.3,12482.5,12702.3
12693.7,12745.9,12416.4,12425.9
12414.6,12418.8,12231.6,12349.0
12346.8,12381.0,12310.6,12331.2
12331.9,12343.2,12058.3,12078.7
12079.4,12159.7,12001.8,12135.2
12142.5,12227.9,12002.3,12163.0
12161.2,12185.0,11894.4,11974.0
11980.0,12163.5,11963.9,12067.4
12078.1,12147.2,12000.6,12013.6
12013.2,12116.7,11902.9,11962.5
11946.0,12074.7,11807.7,12031.3
12022.9,12307.2,11990.6,12306.6
12280.6,12466.7,12255.7,12303.3
12301.6,12362.7,12128.4,12160.2
12164.3,12240.0,12094.2,12223.5
12219.6,12338.7,11967.2,11996.9
11986.3,12097.2,11788.9,11879.0
11901.9,12087.4,11681.9,11941.0
11949.9,12218.2,11919.1,12196.7
12190.2,12273.7,11959.4,12261.1
12260.1,12596.2,12183.0,12574.5
12565.1,12672.7,12441.2,12517.7
12595.7,12611.3,12397.5,12569.9
12566.6,12765.1,12544.2,12740.2
12737.6,12947.3,12543.9,12568.5
12569.3,12896.7,12566.8,12744.8
12750.7,12799.0,12600.9,12794.8
12785.8,12849.2,12643.3,12692.2
12688.8,12711.8,12516.1,12627.5
12629.8,12868.5,12621.6,12836.5
12839.2,12989.9,12807.2,12966.3
12954.7,13188.0,12938.2,13184.5
13148.4,13158.4,13033.5,13140.5
13129.2,13225.7,13048.5,13109.4
13112.1,13126.2,12893.7,12958.6
12955.0,13078.5,12843.2,13050.6
13069.3,13090.5,12856.2,13052.8
13049.1,13096.2,12945.6,12971.2
12970.2,13130.7,12830.4,12847.9
12848.1,13124.5,12819.6,13076.3
13081.5,13152.1,12955.3,13099.8
13112.6,13117.1,12977.9,13080.8
13082.6,13197.9,13041.7,13090.0
13083.1,13131.4,12968.1,13071.7
13067.2,13105.4,12928.3,12999.5
12998.1,13031.9,12893.3,12988.1
12984.6,13047.8,12880.6,12961.0
12961.1,12973.9,12720.1,12834.8
12855.8,12929.3,12782.4,12878.3
12884.7,13252.7,12854.4,13183.0
13139.9,13258.5,13094.0,13249.0
13248.2,13289.4,13185.3,13211.1
13206.0,13259.2,13038.7,13097.6
13090.3,13236.7,13008.9,13016.5
12997.0,13100.8,12936.4,12977.6
12996.6,13291.6,12990.4,13244.4
13256.9,13304.6,13192.1,13271.7
13267.7,13283.8,13192.1,13196.8
13195.2,13384.8,13138.9,13346.6
13343.6,13413.0,13298.9,13389.6
13388.0,13433.4,13253.4,13311.7
13322.2,13420.6,13291.6,13406.6
13402.3,13499.2,13369.7,13446.6
13438.1,13609.4,13413.8,13581.4
13581.6,13858.2,13569.1,13855.7
13853.0,13906.8,13760.6,13784.6
13761.4,13892.2,13759.9,13861.6
13861.7,13923.6,13661.3,13682.5
13681.0,13796.7,13519.2,13795.0
13828.3,13990.2,13756.8,13940.7
13941.2,14328.1,13884.7,14322.9
14382.3,14405.5,14327.0,14367.0
14363.4,14529.0,14300.6,14368.2
14354.0,14389.2,14215.0,14250.8
14256.2,14495.5,14207.6,14462.9
14458.7,14593.7,14437.1,14556.4
14544.4,14663.5,14484.1,14552.1
14551.2,14595.6,14475.3,14566.4
14566.4,14647.1,14281.9,14293.4
14298.2,14507.4,14232.0,14501.6
14497.1,14670.6,14441.1,14551.5
14547.1,14812.2,14540.3,14810.4
14803.7,14952.7,14767.8,14913.6
14918.9,15046.8,14780.4,15036.1
15024.6,15250.7,14871.0,15177.1
15178.4,15283.5,15074.4,15114.7
15126.8,15135.8,15045.5,15055.0
15061.6,15129.0,14946.1,15062.1
15066.8,15088.1,14823.3,14859.6
14864.5,15063.8,14787.4,15059.5
15061.0,15061.0,14817.9,14884.3
14896.5,14984.8,14686.8,14706.3
14715.5,14970.0,14696.7,14920.7
14925.2,15052.8,14856.7,14989.1
14992.6,15034.7,14871.0,14950.2
14942.5,15217.9,14939.5,15156.0
15184.0,15235.3,15153.6,15202.2
15191.8,15215.0,15180.2,15189.2
15194.6,15279.5,15102.0,15198.1
15203.6,15211.3,14970.2,15076.1
15070.7,15212.7,15026.1,15047.3
15055.4,15076.3,14920.1,15047.1
15050.3,15137.1,14970.2,15121.9
15117.5,15364.3,15116.0,15316.9
15319.2,15602.7,15317.5,15561.0
15566.7,15721.3,15529.1,15557.7
15556.6,15747.3,15528.3,15691.3
15697.8,15898.2,15600.7,15815.0
15818.0,15932.5,15780.6,15808.8
15789.6,15796.2,15428.4,15478.6
15473.3,15600.8,15407.1,15437.6
15447.7,15509.7,15375.1,15454.7
15457.2,15624.0,15436.1,15610.2
15616.5,15629.3,15407.0,15516.1
15534.5,15795.0,15413.1,15482.7
15484.5,15789.5,15445.5,15741.0
15747.4,15811.8,15687.1,15768.0
15772.3,15790.8,15630.9,15711.2
15619.8,15692.2,15321.8,15357.8
15366.4,15464.4,15247.3,15362.7
15353.8,15527.5,15257.4,15282.6
15296.1,15413.2,15254.7,15408.3
15415.4,15417.7,15145.7,15274.1
15278.0,15356.2,15073.6,15129.8
15131.0,15366.5,15067.8,15147.0
15154.7,15196.3,14967.8,15034.5
15040.2,15213.9,14958.5,15211.9
15212.9,15267.1,15012.3,15046.3
15050.8,15099.3,14856.1,14873.6
14879.1,14952.6,14679.6,14685.6
14696.7,14746.2,14553.3,14688.3
14713.1,14959.4,14667.4,14917.1
14921.7,15065.3,14881.1,14912.3
14916.0,15302.1,14907.8,15302.1
15281.7,15367.3,14772.6,14786.7
14802.2,15004.6,14711.5,14927.7
14971.0,15088.7,14936.1,15058.1
15067.3,15390.7,15010.7,15386.0
15387.6,15483.6,15322.7,15475.1
15471.6,15573.8,15420.2,15504.9
15504.4,15627.9,15426.7,15482.2
15499.2,15554.2,15476.1,15499.6
15508.7,15559.3,15393.7,15489.4
15485.5,15503.8,15287.5,15362.8
15365.6,15370.9,15134.9,15268.8
15271.3,15375.9,15207.2,15297.9
15298.3,15483.5,15287.8,15457.7
15449.5,15465.6,15278.3,15294.5
15300.2,15415.2,15200.1,15366.2
15365.6,15513.5,15331.2,15480.4
15477.4,15519.4,15170.9,15194.0
15198.5,15270.0,15146.5,15234.0
15239.1,15253.8,15065.5,15195.9
15191.6,15247.5,14946.4,14950.6
14965.0,14969.1,14670.8,14678.6
14690.1,14858.7,14667.6,14706.2
14725.2,14788.4,14618.0,14785.2
14779.8,14782.9,14504.7,14563.3
14566.2,14663.6,14430.3,14610.7
14610.1,14791.0,14499.3,14722.2
14722.0,14905.2,14660.1,14740.5
14815.1,14895.6,14678.1,14841.6
14833.7,14874.3,14504.3,14565.5
14563.8,14805.9,14440.8,14751.3
14751.3,14809.9,14580.0,14720.1
14719.7,15021.4,14520.6,15000.9
14878.8,15071.9,14815.3,15051.5
15052.7,15241.9,15033.2,15141.7
15141.1,15278.4,15116.7,15273.3
15266.3,15337.9,15086.1,15193.6
15196.6,15238.9,14939.0,14983.3
15004.6,15211.5,14962.0,15179.2
15180.6,15188.2,14931.4,15120.0
15114.9,15117.5,14863.8,14944.5
14934.0,15027.2,14733.1,14741.5
14748.8,14782.6,14545.2,14550.8
14600.1,14751.7,14417.4,14646.2
14648.3,14848.7,14607.6,14733.7
14732.6,14757.8,14357.3,14372.2
14330.6,14372.7,14054.3,14125.1
14193.2,14324.4,14127.5,14185.5
14244.6,14394.2,14222.1,14326.6
14325.7,14421.2,14230.4,14370.1
14391.8,14679.4,14331.3,14678.0
14680.5,14934.5,14679.2,14889.5
14865.1,15149.7,14854.0,15105.1
15128.8,15180.9,15061.0,15144.3
15137.7,15336.0,15100.7,15299.8
15294.1,15343.7,15214.8,15284.7
15278.6,15385.8,15170.1,15187.7
15180.9,15542.5,15140.1,15510.6
15535.3,15536.6,15400.9,15491.6
15490.3,15849.9,15485.5,15824.8
15827.5,15976.6,15762.9,15775.8
15779.8,15842.5,15734.3,15833.8
15831.2,15878.7,15766.3,15812.4
15848.3,16058.8,15779.7,16031.7
16029.3,16063.5,15857.8,15914.3
15910.0,16122.5,15889.5,15996.9
15993.7,16039.4,15989.5,16013.2
16020.2,16024.9,15936.3,15967.9
15961.9,16047.1,15896.7,15961.1
15966.2,16032.0,15903.4,16012.0
16008.4,16166.6,15975.7,16002.4
15998.4,16062.2,15823.0,15924.0
15919.1,16017.5,15830.7,15998.0
15996.7,15999.8,15691.3,15824.0
15827.4,15932.8,15730.5,15872.0
15869.8,16011.0,15777.6,15788.3
15778.4,16043.3,15768.0,15993.6
16003.5,16102.3,15870.6,16077.3
16076.5,16233.1,16030.1,16229.2
16221.7,16375.1,16175.8,16371.8
16365.4,16585.5,16355.0,16542.0
16559.4,16662.7,16418.0,16532.8
16531.1,16678.4,16524.2,16600.0
16625.4,16765.0,16589.4,16713.1
16708.2,16817.7,16699.7,16812.2
16813.3,16862.7,16545.9,16578.3
16586.3,16767.9,16583.9,16751.2
16746.1,16844.4,16694.5,16763.1
16798.8,16909.9,16786.2,16883.2
16877.3,16931.9,16856.1,16929.8
16923.9,16973.6,16890.4,16900.5
16900.0,16943.2,16752.9,16818.2
16842.2,16850.6,16447.4,16554.7
16559.2,16560.0,16349.9,16369.2
16383.9,16421.2,16274.2,16287.5
16297.2,16419.2,16176.0,16307.2
16319.3,16653.8,16222.1,16629.5
16629.7,16714.6,16502.5,16674.3
16671.9,16831.6,16647.9,16803.8
16802.4,16907.8,16613.0,16815.2
16812.2,16900.1,16724.1,16813.9
16821.5,16880.3,16795.3,16828.0
16823.6,16898.6,16673.1,16841.2
16842.0,16846.0,16558.4,16726.4
16724.6,16996.7,16703.2,16987.8
16985.0,17339.2,16980.7,17332.4
17350.9,17452.6,17303.2,17328.5
17326.7,17432.8,17284.1,17428.8
17435.9,17667.9,17434.3,17506.0
17494.0,17632.0,17423.6,17464.0
17443.6,17517.5,17351.4,17390.8
17363.9,17604.0,17349.5,17590.4
17592.7,17624.3,17359.2,17361.4
17315.9,17378.4,17116.8,17159.4
17167.6,17546.8,17163.6,17532.2
17509.7,17682.5,17371.8,17596.6
17632.6,17653.9,17464.4,17612.1
17618.3,17679.2,17471.5,17562.8
17566.5,17788.6,17545.4,17767.5
17762.5,17813.8,17709.8,17779.9
17777.5,17988.9,17772.4,17957.1
17959.6,18041.5,17833.1,17851.2
17852.5,17886.8,17477.0,17626.7
17620.2,17813.5,17594.7,17799.3
17795.0,17900.9,17717.7,17889.1
17891.6,17960.7,17652.5,17660.1
17683.3,17744.8,17676.3,17726.6
17723.9,17726.3,17396.2,17520.4
17511.1,17645.2,17314.3,17644.9
17646.8,18035.8,17618.6,17971.9
17977.4,18095.1,17897.2,17910.8
17918.5,18013.0,17875.9,17902.3
17900.5,17995.3,17865.3,17967.5
17970.9,17976.1,17803.5,17818.2
17825.9,18071.0,17789.8,18030.3
18035.6,18334.7,17991.0,18283.7
18315.0,18340.5,18201.5,18211.8
18219.4,18221.2,17803.3,17955.7
17951.7,18147.5,17912.2,18012.3
18012.6,18338.4,17893.7,18233.5
18264.6,18417.8,17994.5,18037.4
18030.4,18036.4,17875.5,17981.1
17996.0,18227.7,17912.9,18211.6
18207.2,18245.8,18026.1,18094.6
18085.2,18173.1,17910.1,18014.7
18009.3,18073.8,17760.8,17815.2
17839.81,18142.39,17824.06,17989.06
17973.12,18053.69,17818.07,18037.87
18034.27,18308.77,17991.39,18306.14
18305.77,18474.77,18293.82,18347.2
18345.32,18395.69,18262.72,18333.12
18343.41,18379.28,18194.36,18311.53
18312.03,18399.94,18221.41,18261.09
18260.21,18354.85,18163.08,18288.75
18277.25,18324.2,18233.75,18250.38
18313.6,18409.35,18212.92,18295.47
18294.27,18309.62,18000.97,18143.9
18141.56,18251.51,18032.91,18187.81
18191.27,18370.47,17857.89,17875.64
17906.46,18213.28,17858.56,18110.96
18169.39,18189.47,18052.59,18125.77
18125.27,18224.11,17978.31,18201.61
18196.55,18285.52,17875.4,18012.42
17998.04,18340.87,17912.77,18308.67
18307.6,18332.82,17946.3,17997.97
18004.92,18184.64,17676.74,17707.54
17716.61,17824.06,17631.58,17731.61
17730.98,17808.26,17458.11,17503.79
17519.46,17613.93,17351.83,17372.46
17372.46,17398.12,16960.97,17022.77
17094.03,17303.23,17004.35,17199.9
17223.71,17523.71,17145.08,17514.46
17513.33,17656.17,17342.6,17366.6
17312.11,17690.23,17171.33,17678.61
17677.5,17767.08,17535.83,17705.5
17746.87,17823.69,17666.69,17787.24
17792.85,17797.6,17356.22,17385.6
17355.33,17672.53,17280.15,17355.7
17377.28,17638.28,17271.6,17625.78
17627.09,17932.04,17605.82,17908.84
17945.08,18095.83,17878.71,18080.08
18075.11,18161.18,18047.21,18093.48
18091.98,18141.39,17971.79,18059.69
18055.45,18139.58,18004.68,18120.83
18123.2,18248.77,18089.77,18141.82
18150.86,18245.71,18138.86,18195.74
18194.49,18343.91,18079.31,18321.71
18317.33,18618.28,18304.68,18606.33
18609.41,18671.86,18544.54,18549.54
18563.05,18600.27,18459.25,18547.8
18560.45,18717.27,18558.17,18668.2
18668.45,18733.9,18603.55,18724.33
18725.7,18817.72,18612.67,18743.35
18801.59,18952.69,18552.29,18616.34
18618.8,18858.88,18615.43,18805.3
18814.97,18898.3,18776.35,18894.3
18899.43,18925.53,18765.26,18895.68
18894.67,18896.8,18688.17,18694.92
18704.51,18735.98,18498.36,18545.38
18530.13,18619.23,18193.2,18528.75
18543.46,18715.41,18396.91,18622.71
18619.56,18714.63,18473.91,18667.56
18675.69,19055.19,18660.56,19052.06
19051.94,19089.61,18985.08,19035.88
19036.13,19121.93,18907.21,18997.98
18995.5,19104.33,18949.23,19081.75
19079.15,19234.52,18972.47,19225.27
19225.15,19592.22,19214.1,19589.72
19579.05,19671.15,19483.62,19589.92
19582.2,19681.2,19483.67,19670.07
19680.51,19989.08,19629.83,19903.63
19904.51,19989.74,19848.46,19930.51
19931.74,19976.19,19927.74,19955.19
19958.36,20098.46,19687.18,19780.36
19780.98,19816.2,19645.3,19737.85
19758.04,19767.64,19466.04,19490.42
19497.79,19721.99,19468.64,19711.54
19709.16,19814.88,19646.01,19697.78
19696.26,19864.33,19623.63,19815.63
19816.48,20023.3,19657.05,19721.6
19738.88,19834.33,19572.45,19803.0
19803.13,20022.75,19674.6,20004.12
20004.09,20200.54,19970.69,20187.54
20171.49,20186.12,20138.69,20150.57
20132.61,20409.43,20132.61,20372.98
20369.87,20467.82,20359.5,20464.37
20461.13,20554.95,20399.45,20471.25
20473.67,20702.49,20471.29,20682.67
20685.03,20773.0,20167.35,20222.9
20222.53,20533.65,20130.43,20332.7
20363.98,20599.3,20309.68,20428.98
20430.48,20490.42,20271.8,20395.47
20395.47,20406.59,19775.97,19826.72
19846.96,19975.69,19572.54,19748.84
19774.82,19795.8,19471.02,19517.82
19576.15,19871.22,19546.27,19807.9
19807.89,19914.84,19698.62,19776.52
19776.52,19776.52,19002.96,19102.01
19104.01,19227.58,18720.83,18830.88
18847.53,19136.98,18834.53,19015.28
19022.75,19226.33,18963.08,19070.13
19070.63,19171.58,18581.01,18714.76
18727.95,19499.7,18716.7,19438.08
19451.95,19574.07,18712.2,18825.82
18825.95,18840.42,18247.25,18388.05
18249.5,18265.1,17238.8,18026.9
18073.6,18371.5,17854.3,17989.6
17952.5,18448.6,17730.1,17750.2
17780.3,18486.1,17641.5,18453.6
18437.5,18573.2,18284.1,18495.7
18501.2,18664.9,18414.0,18531.8
18541.3,19021.4,18532.1,19001.2
19018.0,19110.0,18833.0,19044.3
19037.9,19503.4,19001.0,19469.7
19464.3,19584.9,19351.2,19523.5
19539.9,19777.0,19436.4,19758.9
19779.9,19836.7,19652.5,19714.3
19716.4,19896.8,19686.0,19834.1
19838.8,19937.3,19456.7,19524.4
19536.6,19824.5,19514.8,19702.5
19717.8,19770.9,19432.8,19476.4
19489.8,19623.4,19371.5,19561.2
19569.1,19621.1,19164.0,19240.5
19139.8,19630.49,19079.3,19385.66
19392.96,19573.08,19311.78,19536.08
19555.4,19619.98,19462.25,19597.73
19617.42,19636.05,18865.0,18948.67
18945.72,19069.92,18781.97,18919.34
18929.58,19108.4,18785.43,18884.7
18884.58,18930.68,18297.83,18303.7
18386.1,18703.35,18356.1,18691.1
18700.5,18848.2,18554.85,18807.75
18813.94,19269.31,18524.76,19223.31
19212.9,19460.98,19165.23,19391.78
19396.84,19556.66,19378.06,19485.96
19500.44,19536.94,19291.07,19409.62
19423.32,19608.52,19334.65,19443.95
19448.56,19659.01,19322.63,19393.06
19402.93,19962.76,19396.56,19822.06
19826.84,19846.16,19623.29,19777.09
19808.81,19936.06,19728.41,19836.19
19839.92,19989.49,19729.99,19961.29
19964.29,20049.74,19843.39,20020.29
20025.53,20319.13,19970.86,20127.53
20130.36,20179.34,19958.06,19978.61
19984.55,20079.0,19850.63,20025.43
20035.54,20125.79,19614.12,19759.29
19770.51,19883.96,19628.84,19851.14
19850.59,19910.91,19649.44,19758.09
19758.4,20063.62,19742.15,20007.4
20040.62,20073.99,19758.57,19827.12
19827.24,20141.59,19716.39,20097.89
20104.76,20297.83,20011.48,20264.38
20265.12,20325.44,20120.44,20252.74
20254.31,20315.26,20136.26,20235.68
20265.73,20509.68,20213.86,20467.61
20464.98,20492.06,20087.31,20166.73
20164.48,20232.73,20042.68,20162.23
20164.59,20432.94,20116.09,20222.84
20233.94,20371.64,20163.07,20327.19
20350.62,20405.44,20195.34,20389.87
20390.88,20455.95,20214.6,20373.5
20372.52,20399.37,19936.47,20132.9
20156.02,20286.87,20122.22,20249.02
20256.22,20570.17,20226.72,20337.85
20407.02,20548.37,20358.1,20379.27
20391.2,20634.57,20308.15,20583.2
20612.46,20665.96,20351.58,20383.96
20355.73,20374.86,19888.68,19919.36
19957.83,20168.78,19899.21,20044.71
20014.1,20138.6,19903.67,20004.6
20018.87,20278.49,19935.37,20258.74
20258.9,20831.4,20220.02,20819.27
20815.93,21151.88,20760.18,21122.68
21120.84,21163.16,21020.44,21128.46
21190.22,21247.82,21006.17,21117.6
21120.97,21161.67,20965.8,21087.85
21095.14,21181.84,20971.34,21079.77
21075.42,21106.52,20866.67,20896.54
20887.52,20889.77,20322.22,20418.65
20415.48,20647.43,20400.23,20554.23
20563.67,20718.49,20309.14,20680.79
20683.79,20772.27,20406.99,20667.29
20661.36,20833.83,20443.81,20722.36
20714.17,20810.42,20624.9,20807.17
20878.01,21020.58,20720.71,20839.88
20841.01,20967.57,20698.25,20942.5
20935.2,20962.58,20620.15,20751.58
20758.95,20856.9,20758.33,20837.78
20833.13,20966.83,20755.23,20940.7
20959.5,21218.32,20898.87,21169.37
21170.73,21289.36,21095.46,21284.73
21279.12,21512.07,21269.87,21481.0
21472.78,21532.1,21402.4,21417.9
21412.08,21633.78,21389.83,21600.58
21608.15,21678.63,21409.6,21446.03
21456.46,21581.79,21328.66,21409.59
21413.68,21797.5,21383.65,21733.93
21737.28,21753.03,21585.28,21611.78
21722.75,21889.32,21649.07,21745.5
21771.74,22142.32,21752.37,22101.87
22101.13,22117.51,21935.96,21999.01
21998.01,22084.91,21008.69,21155.69
21209.9,21398.62,21046.52,21109.77
21120.19,21514.89,20710.92,21250.82
21329.38,21487.7,21188.7,21448.75
21464.59,21764.16,21424.21,21761.16
21771.24,21832.49,21593.44,21705.99
21711.76,21733.26,21225.96,21444.26
21467.19,21477.94,20990.76,21124.44
21122.85,21263.82,20921.55,20974.1
